video_id,title,channel_title,published_at,category_id,tags,duration,views,likes,comments,region
O1sY2Oo-45k,"Shakira, Maluma - Chantaje (Letra)",sweetblue.,2025-11-04T00:08:03Z,10,"['recomendados', 'sped up', 'letra en español', 'lyrics', 'español', 'sub español', 'traducción', 'tiktok', 'edit', 'sweetblue', 'recomendación', 'para ti', 'búsquedas', 'letra', 'musica', 'musica independiente', 'trend']",PT3M16S,1525001,2084,26,
c_YrKdMPw2k,Honest Trailers | Peacemaker,Screen Junkies,2025-11-04T18:00:54Z,1,[],PT9M47S,143515,9546,659,
OPZoLZBXD0Y,RATED R. RATED R. RATED R. | Dispatch (Episode 3 + 4),CoryxKenshin,2025-11-04T22:49:53Z,20,"['dispatch', 'dispatch game', 'gameplay', 'episode 3', 'episode 4', 'walkthrough', 'playthrough', 'turnover', 'restructure', 'rated r', 'blonde blazer', 'date', 'invisigal', 'movie', 'choice', 'coryxkenshin', 'cory', 'kenshin', 'funny', 'hilarious', 'moments', 'edits', 'reaction']",PT1H52M19S,997994,175668,23237,
TN4LP7j5cbo,JISOO X ZAYN - EYES CLOSED (OFFICIAL LYRIC VIDEO),JISOO,2025-11-04T15:00:04Z,24,"['YG Entertainment', 'YG', '와이지', 'K-po\u200bp', 'BLACKPINK', '블랙핑크', '블핑', '지수', 'JISOO', 'BLINK', '블링크', 'jisoo', 'BLISSOO', 'Zayn', 'Eyes Closed', 'MUSICVIDEO', 'MV']",PT3M1S,1020226,39225,3216,
lU_nQwUcJdU,Titans are getting a JETPACK!?,Aztecross,2025-11-04T18:14:49Z,20,"['Destiny', 'Destiny 2', 'Destiny bungie', 'Bungie', 'Destiny Aztecross', 'Aztecross']",PT13M51S,94068,5304,1185,
veR9KoNDYVw,TACO TUESDAY ADMIN ABUSE! 🌮,CaylusBlox,2025-11-05T00:20:33Z,20,"['caylusblox', 'caylus roblox', 'caylus', 'roblox', 'caylus scary', 'Steal a brainrot update', 'ADMIN ABUSE In Steal a Brainrot!', 'Steal a Brainrot UPDATE + Admin Abuse', 'admin abuse', 'caylus taco tuesday', 'steal a brainrot', 'extinct steal a brainrot', 'la extinct combination', 'witchs fuse', 'caylus steal a brainrot', 'caylus dump', 'dump', 'dump update', 'Caylus Hosts HALLOWEEN ADMIN ABUSE!', 'caylus aura', 'caylus admin abuse', 'taco teusday', 'caylus stream']",PT3H25M8S,1561208,23590,360,
JAHGpPJsbZM,Romeo Santos – Tuyo (Letra/Lyrics),Sauce Beat,2025-11-04T17:58:40Z,10,"['Romeo Santos Tuyo', 'Tuyo Romeo Santos', 'Romeo Santos Tuyo letra', 'Romeo Santos Tuyo lyrics', 'Tuyo letra', 'Tuyo lyrics', 'Romeo Santos Tuyo español', 'Romeo Santos Tuyo video oficial', 'Romeo Santos mix', 'Bachata romántica', 'bachata', 'Música latina', 'Bachata sensual', 'Tuyo bachata', 'Tuyo Romeo Santos letra oficial', 'Romeo Santos', 'musica', 'Bachata mix', 'Música romántica']",PT3M39S,366220,1013,5,
8Ry41LBsSuQ,Call of Duty: Black Ops 7 | Launch Trailer (PC Features Spotlight),Call of Duty,2025-11-04T17:00:02Z,20,"['call of duty', 'cod', 'activision']",PT1M25S,1536240,5385,859,
myZmtuBrQvM,THE MOON WOKE UP IN ROBLOX..,Tyler & Snowi,2025-11-04T22:42:00Z,20,"['funny', 'moments', 'funny moments', 'secrets', 'all secrets', 'the moon wakes up', 'the moon woke up', 'the moon woke up episode 1', 'the moon woke up episode 2', 'the moon woke up episode 3', 'the moon woke up episode 4', 'the moon woke up episode 5', 'the moon woke up reaction', 'the moon woke up all episodes', 'the moon woke up episode 6', 'the moon woke up explained', 'the moon wakes up episode 6', 'the moon wakes up part 2', 'the moon wakes up episode 4', 'the moon wakes up part 3', 'tyler and snowi', 'tyler', 'snowi']",PT27M14S,229498,12048,297,
zs7ISrSdVUI,Ellie Goulding - Love Me Like You Do (Lyrics Cover) | Pop Mage,Pop Mage,2025-11-03T10:04:31Z,10,"['pop songs', 'love songs', 'top songs', 'pop love songs', 'Love Me Like You Do', 'Love Me Like You Do Lyrics', 'Love Me Like You Do Cover']",PT3M50S,10171804,21076,214,
RdUPs9e1bUk,Baahubali - The Eternal War Part 1 Teaser (Telugu) | Prabhas | Ishan Shukla | SS Rajamouli | 2027,Baahubali Movie,2025-11-04T14:59:01Z,1,"['Baahubali Trailer', 'Bahubali', 'Prabhas', 'Rana Daggubati', 'SS Rajamouli', 'MM Keeravani', 'Tamannaah', 'Anushka', 'Sathya Raj', 'baahubali 2', 'Baahubali 2 – The Conclusion', 'Baahubali 2 – The Conclusion motion poster', '#baahubali', 'motion', 'poster']",PT2M28S,738009,55653,943,
Ob1obfsosUA,Opening 99 OWNER LUCKY BLOCKS In Steal A Brainrot..,Foltyn,2025-11-04T16:02:43Z,20,"['foltyn', 'foltyn roblox', 'family friendly', 'roblox', 'roblox foltyn', 'foltyn family', 'funny', 'no swearing', 'foltyn family roblox', 'roblox foltyn family', 'blade ball', 'roblox blade ball', 'foltyn blade ball', 'kid friendly']",PT13M23S,595866,21796,3474,
A5nm1l8qIt0,Camila - De Qué Me Sirve La Vida (Letra / Lyrics),Luis Jams,2025-11-04T16:00:06Z,10,"['sub español', 'subtitulada al español', 'traducida al español', 'traducción', 'traducido', 'subtítulos', 'subtitulado', 'letra', 'lyrics', 'hq', 'hd', 'topic', 'camila', 'de qué me sirve la vida', 'dejarte de amar', 'álbum', '2011']",PT4M9S,247097,626,5,
Y6UXdDbuNFc,A Man on the Inside | Season 2 Official Trailer | Netflix,Netflix,2025-11-04T17:00:00Z,24,"['2025 trailer', 'A Man on the Inside Netflix', 'A Man on the Inside Season 2 trailer', 'Big Man on Campus', 'Mike Schur new comedy', 'Netflix comedy series', 'Netflix original series', 'Ted Danson Netflix', 'Ted Danson new show', 'The Good Place creator', 'best comedies on Netflix', 'campus comedy', 'college comedy', 'funny Netflix shows', 'new Netflix trailer', 'sitcom trailer']",PT2M19S,81221,2433,115,
27L0V20ljMQ,steal a brainrot admin abuse,KreekCraft,2025-11-05T00:18:35Z,20,[],PT41M30S,1881892,22673,49,
3b4lo3lV4bg,Gunna - wgft (feat. Burna Boy) [Official Video],Gunna,2025-11-04T18:00:06Z,10,"['Gunna', 'YSL', 'YSL Gunna', 'Rap Music', 'Atlanta', 'Hip Hop', 'Drip Season', 'Drip', 'Fashion', 'Atlanta Rap', 'Atlanta Rap Music', 'The Fader', 'Wunna', 'the last wun', 'The Last Wun', 'gunna the last wun', 'the last wun gunna', 'gunna new album', 'gunna album', 'gunna wgft ft burna boy', 'burna boy', 'wgft gunna ft burna boy', 'gunna ft burna boy', 'gunna burna boy', 'wgft', 'wgft gunna', 'gunna wgft', 'burna boy wgft', 'wgft burna boy', 'gunna and burna boy', 'Gunna - wgft (feat. Burna Boy) [Official Video]', 'wgft official video']",PT3M53S,239653,25884,1946,
E7kcUv_-n5c,Minecraft x Dragon Ball Z DLC Launch Trailer,Minecraft,2025-11-04T18:00:14Z,20,"['Minecraft', 'Minecraft DLC', 'Minecraft dragon ball', 'dragon ball z', 'minecraft dragon ball z', 'dragon ball']",PT1M11S,151265,13139,735,
u673w00QByA,banned,steak,2025-11-05T00:03:15Z,20,[],PT1H28M1S,702314,15483,274,
sFtyHjq22W8,Beéle - I Miss You (Lyrics),FireFly,2025-11-04T13:05:01Z,10,"['lyrics', 'letra', 'musica letra', 'musica con letra', 'musica', 'latin', 'latin hits', 'firefly', 'Beéle I Miss You letra', 'Beéle I Miss You lyrics', 'Beéle I Miss You', 'I Miss You letra', 'I Miss You lyrics', 'I Miss You I Miss You I Miss You', 'Beéle hits', 'I Miss You', 'Te estoy pensando no importa la hora a que escuches esto', ""¿Por qué dice' quе no? Si sabe' que te lo advertí no no no no"", ""Cuando el amor se ignora las cosa' terminan así así así"", 'Beéle popular songs', 'Beéle BORONDO', 'Beéle', 'popular spanish songs']",PT2M54S,367079,552,1,
2VIwgfgFFJk,KPOP DEMON HUNTERS 2 - Trailer (2027) Netflix & Sony Animation,Teaser Universe,2025-11-03T15:30:02Z,1,"['kpop demon hunters 2', 'kpop demon hunters 2 trailer', 'kpop demon hunters 2 official trailer', 'kpop demon hunters 2 full movie', 'kpop demon hunters 2 songs', 'kpop demon hunters 2 trailer 2026', 'kpop demon hunters 2 official trailer netflix', 'kpop demon hunters 2 release date', 'kpop demon hunters 2 real trailer', 'kpop demon hunters 2 announcement', 'kpop demon hunters 2 movie', 'kpop demon hunters 2 and 3', 'kpop demon hunters', 'netflix', 'sony', 'kpop', 'rumi and jinu', 'kpop demon hunters sequel']",PT1M3S,89995,597,144,
mB6swBWdMRA,I wasn't going to show this..,Asmongold TV  ,2025-11-04T13:01:41Z,20,"['asmongold', 'asmongold reacts', 'asmongold wow', 'asmongold highlights', 'asmongold youtube', 'world of warcraft', 'asmongold funny', 'asmongold tv', 'asmongold channel', 'zackrawrr']",PT36M29S,857576,37979,5847,
dvLlvTmXsuw,Yungeen Ace - Problem (Official Video),Yungeen Ace,2025-11-05T00:00:28Z,10,"['yungeen ace', 'jacksonville florida', 'florida', 'jacksonville', 'lil durk', 'moneybagg yo', 'lil baby', 'nba youngboy', 'youngboy never broke again', 'nocap', 'jaydayoungan', 'all on me', 'kodak black', 'Bossman Dlow', 'YTB Fatt', 'problem', 'yungeen ace problem']",PT2M4S,41820,7740,733,
iBhpNZZ-Wwo,Predator: Badlands | Official Clip,20th Century Studios,2025-11-03T20:00:40Z,1,['Trailer'],PT59S,189188,4285,519,
7GO_i6j1vdc,All Steal A Brainrots Meet The Owner...,FuzzBlox,2025-11-04T17:30:04Z,20,"['roblox steal a brainrot', 'steal a brainrot', 'roblox', 'fuzzblox', 'fuzzblox steal a brainrot', 'steal a brainrot roblox', 'steal a brainrot new secret', 'steal a brainrot new update', 'steal a brainrot update', 'All Steal A Brainrots Meet The Owner...']",PT23M19S,266670,12342,741,
zfD3BVRTuN4,James Arthur - Impossible (Lyrics),Aura Country,2025-11-03T16:11:48Z,10,"['country music', 'auracountry', 'james arthur', 'impossible', 'james arthur impossible', 'impossible james arthur', 'james arthur impossible lyrics', 'impossible james arthur lyrics', 'james arthur lyrics impossible', 'impossible lyrics james arthur', 'james arthur lyrics', 'impossible lyrics', 'lyrics james arthur', 'lyrics impossible', 'James Arthur - Impossible', 'Tell them all I know now Shout it from the rooftops', 'Write it on the skyline All we had is gone now', 'Tell them I was happy And my heart is broken']",PT3M30S,2303475,5140,33,
stcB00iOKrI,"Avengers Doomsday Trailer Update, Shrek 5 Redesign, Godzilla Minus Zero Teaser & MORE!!",3C Films,2025-11-04T00:42:17Z,24,[],PT14M31S,113187,7421,722,
d9E7CvV4CGk,$125 Spins On New High Limit Phoenix Link,Vegas Matt,2025-11-04T19:45:04Z,24,"['Las Vegas', 'Vegas', 'gamble', 'handpay', 'slot machine', 'winning', 'losing', 'slots', 'gambling', 'slot', 'vegas matt', 'casino', 'vegasmatt', 'vegas matt slots', 'jackpot', 'slot machine handpay', 'casinos', 'baccarat', 'blackjack', 'roulette', 'get even or even worse', 'sando']",PT49M40S,179017,9849,809,
q5qxrbVrmm8,VonOff1700 - One Bloodz (Official Video),VonOff1700,2025-11-04T20:15:04Z,10,[],PT1M51S,78197,9545,509,
aEa1Dn_tOkA,Shiva Movie 4K Official Trailer | King Nagarjuna | RGV | Amala Akkineni | In Theatres Nov 14th,Annapurna Studios,2025-11-04T12:00:02Z,24,"['annapurna studios', 'Shiva movie 4K trailer', 'Shiva 4K', 'Nagarjuna Shiva', 'Ram Gopal Varma Shiva', 'Amala Shiva movie', 'Annapurna Studios', 'Nagarjuna 4K trailer', 'Shiva re-release', 'Shiva Telugu movie', 'RGV Shiva trailer', 'Nagarjuna classic movie', 'Akkineni Nagarjuna', 'Telugu cult classic', 'Shiva full movie 4K', 'Shiva movie remastered', 'Allu Arjun', 'Prabhas', 'ss rajamouli', 'NTR', 'megastar', 'sandeep reddy vanga', 'sekhar kammula', 'mahesh babu', 'nani', 'mani ratnam', 'Nov 14th', 'amala akkineni']",PT3M33S,593422,21185,930,
4FfXPMOtJrk,MY BEST FORCE WIPE - Rust,Blooprint,2025-11-04T20:01:39Z,20,"['rust', 'blooprint rust', 'blooprint', 'rust pvp', 'rust base', 'rust survival', 'rust montage', 'rust raid', 'rust 2025', 'rust gameplay 2025', 'blooprint force wipe', 'rust force wipe', 'rust blueprint', 'rust blueprint fragments', 'rust blueprint update', 'blooprint group', 'rust best force wipe', 'rust best wipe', 'blooprint best video', 'blooprint movie', 'rust movie', 'blooprint ted', 'rust online raid', 'rust raid defense', 'rust story', 'rust revenge', 'movie', 'revenge', 'online raid', 'raid defense', 'force wipe']",PT2H14M18S,171455,12721,1194,
pV5QDRprFm0,Lil Mello - Onna BTX (Official Music Video),Lil Mello,2025-11-04T19:01:00Z,10,"['Detroit', 'the biggest', 'onna btx', 'lil mello', 'baby slime', 'mello 700', 'TikTok', 'Viral Tiktok']",PT2M,43584,893,57,
OWcexT-IBw4,Stranger Things Season 5 Death Predictions Based on Official Trailer!,Film Stocked,2025-11-04T22:35:48Z,24,"['stranger things', 'stranger things 5', 'stranger things season 5', 'stranger things season 5 trailer', 'stranger things death predictions', 'stranger things season 5 death predictions', 'stranger things characters ranked', 'film stocked', 'filmstocked', 'tier list', 'stranger things characters tier list', 'stranger things trailer', 'stranger things 5 trailer', 'stranger things season 5 predictions', 'stranger things season 5 theories', 'stranger things season 5 official trailer', 'stranger things tier list']",PT17M23S,10983,1016,185,
v7ETn1mgHv8,AI Generates My BRAINROTS In Steal A Brainrot!!,KAYE,2025-11-04T21:20:04Z,20,"['AI Generates My BRAINROTS In Steal A Brainrot!!', 'steal a brainrot', 'ai', 'brainrots', 'sab', 'steal a brainrot roblox glitch', 'kaye']",PT23M35S,136718,3252,911,
u3M1zReLMTk,Alice In Chains - Man in the Box (Lyrics),7clouds Rock,2025-11-04T14:01:36Z,22,"['man in the box', 'man in the box lyrics', 'lyrics man in the box', 'alice in chains', 'lyrics', 'alice in chains man in the box', 'man in the box alice in chains', 'alice in chains man in the box lyrics', 'lyrics alice in chains man in the box', 'alice in chains lyrics', 'alice in chains lyrics man in the box', 'man in the box lyrics alice in chains', 'lyrics man in the box alice in chains', 'man in the box alice in chains lyrics']",PT4M46S,76499,433,22,
WGXW4tD-2FA,Kimora: Back in the Fab Lane - Official Trailer | E! Entertainment,E! Entertainment,2025-11-04T18:00:19Z,24,"['Kimora: Back in the Fab Lane', 'E! SHOWS', 'ENTERTAINMENT', 'KIMORA LEE SIMMONS', 'KIMORA_LEE_SIMMONS', 'PARTNER AMAZON', 'REALITY TV', 'REALITY_TV', 'KIMORA: LIFE IN THE FAB LANE', 'REALITY', 'E_SHOWS', 'reality tv', 'kimora', 'lee simmons', 'baby phat', 'nostalgia', 'reality clips', 'fashion', 'model', 'reality', 'tennis', 'phat farm', 'aoki lee simmons', 'ming lee simmons', 'trailer', 'new show', 'fab lane']",PT1M41S,22697,1408,140,
Ld1wZxdtoy8,The Slickness of Super Mario Galaxy 2,videogamedunkey,2025-11-04T20:30:06Z,20,"['mario', 'super mario galaxy', 'super mario galaxy 2', 'dunkey', 'dunkey mario galaxy 2', 'dunkey mario galaxy', 'dunkview', 'mario dunkview', 'super mario galaxy dunkview', 'mario galaxy 2', 'mario galaxy 2 hd', 'mario galaxy hd', 'mario galaxy switch 2', 'nintendo switch 2', 'switch', 'nintendo', 'mario galaxy 2 review', 'super mario galaxy 2 review', 'super mario galaxy 2 dunkview', 'super mario odyssey', 'donkey kong dunkey', 'donkey kong dunkview', 'mario odyssey dunkview', '3d world dunkview', '3d world', 'mario odyssey']",PT16M10S,311301,26306,1580,
lSfZi29lTUw,JamBeats - Autumn Nights (Original Mix),JamBeats,2025-11-04T07:19:24Z,10,"['dndm & jambeats', 'voices', 'dndm remix', 'jamshidshoox shavkatov', 'miami music', 'jamshidshoox beats', 'miami', 'jambeats love', 'orginal mix', 'jambeats', 'dndm', 'jama pubg', 'bella ciao', 'bella ciao dndm cover', 'tenrtakcha klip', 'mirjalol neamtov', 'mirjalol remix', 'jambeats orginal mix', 'still you', 'Night & Broken', 'dndm night', 'Deep Feelin', 'dndm sound', 'dndm xamdam sobirov', 'javad', 'javad khamid', 'javad remix', 'car music mix', 'dndm & jambeats - voices']",PT5M29S,658255,1985,49,
9I4FKW0tlFU,"Delhi Crime: Season 3 | Official Trailer | Shefali Shah, Huma Qureshi, Rasika Dugal | Netflix",Netflix India,2025-11-04T09:01:11Z,24,"['Huma Qureshi', 'Mita Vasisht', 'Next On Netflix', 'Rajesh Tailang', 'Rasika Dugal', 'Sayani Gupta', 'Shefali Shah', 'crime', 'delhi crime', 'delhi crime 3', 'delhi crime netflix', 'delhi crime new season', 'delhi crime season 3', 'delhi crime series', 'delhi crime trailer', 'delhi police', 'emmy award', 'huma qureshi movies', 'human trafficking', 'new season', 'official trailer', 'real case', 'real story', 'shefali shah movies', 'shefali shah new series', 'web series']",PT2M32S,989349,19452,566,
dTFzdsslujw,Starting Over With SUPER LUCKY BLOCKS!,CashBlox,2025-11-04T12:30:58Z,24,"['Cash', 'Nico', 'Nico and Cash', 'Cash and Nico', 'Minecraft', 'Minecraft mod', 'family friendly', 'kid friendly']",PT20M3S,460580,12586,3380,
liSbd7hDOlg,Kenny Muney - Papi's Home (Official Video),Kenny Muney,2025-11-04T19:59:12Z,10,[],PT2M38S,32320,1594,105,
8gOgSwZAq4M,STAR WARS™: Galaxy of Heroes - 10th Anniversary Celebration Trailer,Star Wars,2025-11-04T17:00:12Z,24,[],PT1M30S,34150,2520,217,
3fN5zFkeA4A,Metroid Prime 4: Beyond – Nintendo Switch 2 Edition – Survive,Nintendo of America,2025-11-04T15:00:11Z,20,"['nintendo', 'game', 'gameplay', 'fun', 'video game', 'action', 'adventure', 'rpg', 'play', 'switch', 'nintendo switch']",PT1M13S,490905,31477,3858,
O9JMUcZOPW8,"Mijares, Lucero - El Privilegio De Amar (Letra/Lyrics)",Crixara,2025-11-03T19:30:04Z,10,"['crixara', 'Mijares Lucero El Privilegio De Amar Letra', 'El Privilegio De Amar Lyrics', 'Mijares y Lucero', 'Manuel Mijares', 'Lucero', 'Letra Oficial', 'El Privilegio De Amar letra completa', 'Canción El Privilegio De Amar', 'Mijares El Privilegio De Amar', 'Lucero El Privilegio De Amar', 'Música Romántica', 'Balada Pop', 'Canciones de Amor', 'Música de los 90s', 'Música en Español', 'Dueto Mijares y Lucero', 'El Privilegio De Amar', 'Lucerito', 'Mijares El Privilegio', 'letra', 'lucero mijares']",PT3M59S,868797,1421,13,
SKopVKbHEB0,Worlds 2025 Final Opening Ceremony Trailer | Presented by Mastercard,LoL Esports,2025-11-04T16:00:42Z,20,"['lol', 'league of legends', 'esports', 'lol esports', 'worlds 2025', 'league anthem', 'league music video', 'worlds anthem', 'worlds 2025 anthem', 'sacrifice', 'G.E.M.', '鄧紫棋', 'GEM', 'anyma', 'teya', 'chrissy costanza', 'bite marks', 'legends never die', 'phoenix', 'warriors', 'league championship', 'lol championship', 'league finals', 'lol finals', 'worlds 2025 finals', 'worlds 2025 games', 'pro lol', 'lol tournament', 'league tournament', 'opening ceremony', 'oc', 'live performance', 'riot music', 'riot games music', 'league music', 'lol music']",PT56S,134937,6154,296,
Th3P88T_i1E,The New Battlefield BR is Goofy,SMii7Yplus,2025-11-04T21:43:14Z,20,"['smii7y', 'smii7yplus', 'smii7y+', 'smii7y plus', 'battlefield 6', 'battlefield 6 redsec', 'battlefield 6 redsec gameplay', 'battlefield 6 battle royale', 'battlefield 6 redsec battle royale', 'redsec', 'battlefield 6 br', 'battlefield redsec', 'battlefield battle royale', 'battlefield', 'bf6 battle royale', 'battle royale', 'battlefield redsec gameplay', 'battlefield 6 gameplay', 'battlefield 6 multiplayer']",PT17M,195135,28434,472,
kpERC3U3yxw,Jennifer Lopez - Let's Get Loud (Lyrics),7clouds,2025-11-04T14:01:30Z,10,"[""let's get loud"", ""let's get loud lyrics"", ""lyrics let's get loud"", ""let's get loud letra"", ""letra let's get loud"", 'jenifer lopez', ""jenifer lopez let's get loud"", ""let's get loud jenifer lopez"", ""jenifer lopez let's get loud letra"", ""let's get loud jenifer lopez letra"", ""let's get loud jenifer lopez lyrics"", ""jenifer lopez let's get loud lyrics"", ""Let's get loud let's get loud"", 'Turn the music up to hear that sound', ""Ain't nobody gotta tell ya what you gotta do"", ""jennifer lopez let's get loud tiktok""]",PT4M,164917,1027,39,
GvMxZCiTHPY,"I Am Legend 2 (2025) - First Trailer | Will Smith, Michael B. Jordan",KH Studio,2025-11-03T12:00:29Z,1,"['i am legend 2', 'i am legend 2 trailer', 'i am legend 2 2025', 'i am legend 2 trailer 2025', 'i am legend 2 trailer movie', 'i am legend 2 trailer watch', 'willsmith and michael b jordan', 'i am legend 2 new movie teaser', 'i am legend 2 teaser trailer movie', 'i am legend 2 teaser trailer', 'i am legend 2 new trailer', 'i am legend 2 first trailer', 'i am legend 2 2025 trailer', 'i am legend 2 movie', 'i am legend 2 movie trailer', 'i am legend 2 will smith and michael b jordan']",PT1M29S,132575,550,79,
xRR6jokT5JI,(STREAM WITH JYNXZI) GRIEF 83% // 65%+ ×64 || STREAM 287,Doggie,2025-11-05T04:02:52Z,20,"['geometry dash', 'doggiedasher', 'doggie', 'gd', 'extreme', 'demon', 'extreme demon', 'zdoggie', 'doggiegd', 'verification', 'top 1']",PT4H10M55S,128912,10123,93,
qdiCIDpcUPk,Jordan Adetunji - Smoke n Drank [Official Audio],Jordan Adetunji,2025-11-04T05:01:07Z,10,"['jordan adetunji', 'jordan', 'adetunji', 'Jordan Adetunji', 'KEHLANI', 'kehlani', 'uk rap', 'uk hip hop', 'uk rapper', 'northern ireland', 'london', 'ireland', 'jordan adetunji tiktok', 'kehlani tiktok song', 'lil baby', 'swae lee', 'london hip hop', 'london artist', 'jordan adetunji kehlani', 'kehlani jordan adetunji', 'Jordan Adetunji - Smoke n Drank [Official Audio]', 'jordan adetunji smoke n drank', 'smoke n drank jordan adetunji', 'smoke n drank', 'smoke', 'drank', 'jordan adetunji new music', 'jordan adetunji new song']",PT2M32S,46148,1214,53,
3hSKowI9pyw,NEW BLACK OPS 7 GAMEPLAY TRAILER: NEW ZOMBIES & CAMPAIGN GAMEPLAY!!,MrDalekJD,2025-11-04T18:09:57Z,20,"['black ops 7', 'black ops 7 zombies', 'call of duty', 'bo7 zombies', 'black ops 7 zombies gameplay trailer', 'black ops 7 zombies reveal', 'black ops 7 zombies reveal trailer', 'ashes of the damned', 'black ops 7 zombies gameplay', 'call of duty black ops 7', 'black ops 7 zombies trailer', 'black ops 7 gameplay', 'bo7 zombies gameplay', 'black ops 7 zombies gameplay reveal', 'black ops 7 zombies teaser']",PT10M42S,40835,1340,216,
